Shoe Brand & Model,Original Price,Discounted Price
Puma Classic Leather,202.08,131.35
Under Armour Classic Leather,233.97,133.36
Vans HOVR Phantom,139.23,97.46
Vans Chuck Taylor,246.47,145.42
Vans 574,213.31,127.99
Reebok Classic Leather,144.68,111.4
Nike 574,157.84,110.49
Nike HOVR Phantom,271.24,198.01
Fila Ultraboost,124.49,64.73
Vans Chuck Taylor,97.92,66.59
Reebok Classic Leather,184.19,141.83
Nike Disruptor,165.32,105.8
Vans RS-X,144.03,90.74
Nike Classic Leather,278.71,192.31
Asics Gel-Kayano,80.75,58.14
Converse Air Max,170.92,116.23
Reebok Old Skool,242.13,152.54
Adidas Old Skool,270.64,173.21
New Balance Old Skool,160.34,96.2
Under Armour Gel-Kayano,283.31,169.99
Fila Disruptor,284.66,207.8
Puma Disruptor,168.2,131.2
Reebok 574,105.11,75.68
Fila RS-X,108.83,65.3
Nike Ultraboost,144.21,92.29
Puma Chuck Taylor,166.8,86.74
Reebok Ultraboost,230.02,165.61
Fila Ultraboost,236.15,144.05
Nike Ultraboost,102.9,55.57
Adidas Disruptor,236.33,158.34
Asics RS-X,90.39,59.66
Converse Ultraboost,178.68,100.06
Converse Gel-Kayano,182.49,120.44
Asics Air Max,203.88,154.95
Reebok HOVR Phantom,243.63,151.05
Asics Gel-Kayano,156.22,99.98
Reebok RS-X,235.21,162.29
Puma Classic Leather,250.51,162.83
Vans Disruptor,165.5,86.06
Adidas Disruptor,277.93,191.77
Converse Gel-Kayano,196.32,137.42
Vans RS-X,241.69,130.51
Nike Disruptor,298.06,157.97
Reebok Old Skool,125.09,93.82
Fila HOVR Phantom,151.39,87.81
Converse 574,192.2,98.02
Converse HOVR Phantom,136.51,90.1
Puma 574,126.83,87.51
Puma Ultraboost,99.77,72.83
Asics Air Max,210.0,126.0